<?xml version="1.0" encoding="UTF-8"?>
<project-private xmlns="http://www.netbeans.org/ns/project-private/1">
    <editor-bookmarks xmlns="http://www.netbeans.org/ns/editor-bookmarks/2" lastBookmarkId="0"/>
    <open-files xmlns="http://www.netbeans.org/ns/projectui-open-files/2">
        <group>
            <file>file:/home/negar/NetBeansProjects/TarazNegar/src/taraznegar/accounts.java</file>
            <file>file:/home/negar/NetBeansProjects/TarazNegar/src/taraznegar/TarazNegar.java</file>
            <file>file:/home/negar/NetBeansProjects/TarazNegar/src/taraznegar/peoplePane.java</file>
            <file>file:/home/negar/NetBeansProjects/TarazNegar/src/taraznegar/searchDeed.java</file>
            <file>file:/home/negar/NetBeansProjects/TarazNegar/src/taraznegar/deeds.java</file>
            <file>file:/home/negar/NetBeansProjects/TarazNegar/src/taraznegar/addAccount.java</file>
            <file>file:/home/negar/NetBeansProjects/TarazNegar/src/taraznegar/TableCellListener.java</file>
            <file>file:/home/negar/NetBeansProjects/TarazNegar/src/taraznegar/searchAcc.java</file>
            <file>file:/home/negar/NetBeansProjects/TarazNegar/src/taraznegar/SearchPane.java</file>
            <file>file:/home/negar/NetBeansProjects/TarazNegar/src/taraznegar/NewDeed.java</file>
            <file>file:/home/negar/NetBeansProjects/TarazNegar/src/taraznegar/mainPage.java</file>
        </group>
    </open-files>
</project-private>
